customer_name,sales,profit,discount,cluster,customer_segment
Aaron Bergman,24646,4683.208,0.11011235955056181,0,High Value
Aaron Hawkins,20759,2450.92904,0.16092857142857145,0,High Value
Aaron Smayling,14207,369.1618,0.16766666666666669,1,Margin Killers
Adam Bellavance,20189,4979.9769,0.13176470588235295,0,High Value
Adam Hart,21720,1902.03342,0.09323809523809523,0,High Value
Adam Shillingsburg,15445,1421.27412,0.16340845070422536,1,Margin Killers
Adrian Barton,25125,6417.2845,0.2090909090909091,0,High Value
Adrian Hane,11406,2081.37928,0.12785185185185186,2,Regular
Adrian Shami,11287,1564.4938,0.15863636363636366,2,Regular
Aimee Bixby,16205,2926.3543,0.10730909090909091,2,Regular
Alan Barnes,13053,2436.066,0.08916666666666666,2,Regular
Alan Dominguez,18538,1539.9922000000001,0.16490909090909092,1,Margin Killers
Alan Haines,15281,-592.24612,0.1844935064935065,1,Margin Killers
Alan Hwang,23641,4342.37078,0.11083783783783784,0,High Value
Alan Schoenberger,21837,2503.6348,0.16287671232876713,0,High Value
Alan Shonely,10692,1175.45416,0.12742857142857145,2,Regular
Alejandro Ballentine,15463,758.6139,0.11529411764705882,2,Regular
Alejandro Grove,13419,2602.57212,0.04901492537313432,2,Regular
Alejandro Savely,21124,2533.56606,0.056519480519480525,0,High Value
Aleksandra Gannaway,14715,773.1465999999999,0.16758620689655174,1,Margin Killers
Alex Avila,15993,983.2565,0.12300000000000001,2,Regular
Alex Grayson,15071,1006.97208,0.2132987012987013,1,Margin Killers
Alex Russell,16469,2290.6598,0.1446875,2,Regular
Alice McCarthy,18765,2977.8523999999998,0.08792207792207793,0,High Value
Allen Armold,6537,754.9193999999999,0.16181818181818183,1,Margin Killers
Allen Goldenen,8928,447.265,0.2038490566037736,1,Margin Killers
Allen Rosenblatt,9529,-552.28182,0.19044,1,Margin Killers
Alyssa Crouse,12296,444.03550000000007,0.13590163934426228,2,Regular
Alyssa Tate,14945,2795.5313,0.1789230769230769,1,Margin Killers
Amy Cox,17155,3980.4112,0.17102564102564102,0,High Value
Amy Hunt,9202,718.3349800000001,0.09087179487179488,2,Regular
Andrew Allen,19758,2071.08818,0.105875,2,Regular
Andrew Gjertsen,16381,2642.21386,0.16694871794871796,2,Regular
Andrew Roberts,16914,3561.75886,0.09674285714285714,2,Regular
Andy Gerbode,11339,169.3896999999999,0.19431818181818183,1,Margin Killers
Andy Reiter,8545,3139.0833,0.11857142857142858,2,Regular
Andy Yotov,8542,2290.97634,0.07203999999999999,2,Regular
Anemone Ratner,11492,1994.65032,0.12564,2,Regular
Angele Hood,11357,1610.0721,0.1893877551020408,1,Margin Killers
Ann Blume,18727,1870.0106999999998,0.106875,2,Regular
Ann Chong,15027,880.12778,0.11665060240963857,2,Regular
Ann Steele,11818,2091.0534,0.24618181818181817,1,Margin Killers
Anna Andreadi,17312,2443.093,0.18564835164835164,1,Margin Killers
Anna Chung,8932,-272.12732000000005,0.18353488372093024,1,Margin Killers
Anna Gayman,15392,923.0617000000001,0.2158961038961039,1,Margin Killers
Anna HÃ¤berlin,18093,2466.01172,0.12110526315789474,2,Regular
Anne McFarland,25522,3238.5851,0.09860759493670886,0,High Value
Anne Pryor,16360,2992.7651,0.12733333333333333,2,Regular
Annie Thurman,13385,2659.7779,0.0710909090909091,2,Regular
Annie Zypern,11871,924.3602999999999,0.1860294117647059,1,Margin Killers
Anthony Garverick,11687,175.3065,0.21055172413793102,1,Margin Killers
Anthony Jacobs,17757,1172.2402000000002,0.23050632911392407,1,Margin Killers
Anthony Johnson,12284,2478.5824000000002,0.08506493506493507,2,Regular
Anthony O'Donnell,15025,1093.0996000000002,0.1285,2,Regular
Anthony Rawles,17339,3117.6468,0.12597222222222224,2,Regular
Anthony Witt,15143,1216.4120200000002,0.1654102564102564,1,Margin Killers
Arianne Irving,9281,1538.1774,0.09880000000000001,2,Regular
Art Ferguson,28183,2278.3037,0.13989795918367348,0,High Value
Art Foster,20064,2971.2347800000002,0.12136842105263158,0,High Value
Arthur Gainer,19871,1733.2471600000001,0.14536,2,Regular
Arthur Prichep,18546,3137.6156,0.07540229885057471,0,High Value
Arthur Wiediger,11016,2680.9669599999997,0.16881632653061224,2,Regular
Ashley Jarboe,15949,3006.7032,0.12589285714285714,2,Regular
Astrea Jones,13259,2531.3579799999998,0.15653333333333333,2,Regular
Barbara Fisher,9838,1833.7316,0.1288709677419355,2,Regular
Barry Blumstein,9883,299.4246,0.18564516129032257,1,Margin Killers
Barry Franz,24082,1115.67056,0.17947826086956523,1,Margin Killers
Barry FranzÃ¶sisch,13206,940.1213,0.23858064516129032,1,Margin Killers
Barry Gonzalez,20023,1530.1779999999999,0.1274626865671642,2,Regular
Barry Pond,10389,2090.96176,0.16143859649122808,2,Regular
Barry Weirich,17440,3695.4033000000004,0.09945098039215687,0,High Value
Bart Folk,13942,2084.5089000000003,0.17454545454545453,1,Margin Killers
Bart Pistole,10087,984.2587,0.14557142857142857,2,Regular
Bart Watters,32315,3595.8858999999998,0.09666666666666666,0,High Value
Becky Castell,15186,2485.9604,0.13908045977011493,2,Regular
Becky Martin,27173,-1096.9254,0.17297435897435898,1,Margin Killers
Becky Pak,14811,3576.20716,0.10441379310344828,2,Regular
Ben Ferrer,23219,4135.10114,0.07723255813953489,0,High Value
Ben Peterman,16809,1343.95582,0.22759459459459458,1,Margin Killers
Ben Wallace,14965,2352.20638,0.11841176470588234,2,Regular
Benjamin Farhat,13370,641.3188,0.13470967741935486,2,Regular
Benjamin Patterson,18714,912.2121000000001,0.16373134328358208,1,Margin Killers
Benjamin Venier,21366,2819.7504,0.16377049180327868,0,High Value
Berenike Kampe,13586,2447.6789599999997,0.158,2,Regular
Beth Fritzler,10588,661.45284,0.11813793103448277,2,Regular
Beth Paige,12827,1958.09908,0.19367272727272725,1,Margin Killers
Beth Thompson,11631,863.9258,0.1842857142857143,1,Margin Killers
Bill Donatelli,15276,1622.6797,0.10072463768115943,2,Regular
Bill Eplett,28480,7410.0053,0.08354901960784314,0,High Value
Bill Overfelt,8093,415.21970000000005,0.260468085106383,1,Margin Killers
Bill Shonely,23511,5968.90736,0.053794117647058826,0,High Value
Bill Stewart,18776,1815.0301,0.19233333333333336,1,Margin Killers
Bill Tyler,11798,2544.9303,0.115,2,Regular
Bobby Elias,18411,3789.15606,0.11223333333333334,0,High Value
Bobby Odegard,15029,2556.82472,0.14305263157894738,2,Regular
Bobby Trafton,10400,-469.7911000000001,0.2737735849056604,1,Margin Killers
Brad Eason,18986,978.0241,0.1627536231884058,1,Margin Killers
Brad Norvell,26200,2124.05298,0.12765714285714286,0,High Value
Brad Thomas,11683,939.62794,0.16172307692307694,1,Margin Killers
Bradley Drucker,13142,2381.066,0.12431818181818181,2,Regular
Bradley Nguyen,12878,2544.06892,0.05744615384615385,2,Regular
Bradley Talbott,15343,1453.6353,0.1449090909090909,2,Regular
Brenda Bowman,16007,1738.84688,0.17146031746031745,1,Margin Killers
Brendan Dodson,10920,2024.7037400000002,0.06227777777777778,2,Regular
Brendan Murry,12055,282.13467999999995,0.10258181818181819,2,Regular
Brendan Sweed,12179,2045.68872,0.12158620689655172,2,Regular
Brian Dahlen,9890,1425.66744,0.06966666666666667,2,Regular
Brian DeCherney,10772,984.42392,0.11047761194029851,2,Regular
Brian Derr,16917,2792.3093000000003,0.14176470588235296,2,Regular
Brian Moss,17459,4385.84518,0.0994102564102564,0,High Value
Brian Stugart,22573,3612.8758,0.1119718309859155,0,High Value
Brian Thompson,14896,1795.5495,0.11172413793103449,2,Regular
Brooke Gillingham,11213,417.31988,0.15555102040816327,1,Margin Killers
Brosina Hoffman,28120,4876.9398,0.14637113402061855,0,High Value
Bruce Degenhardt,15959,2475.1561,0.1433421052631579,2,Regular
Bruce Geld,15381,1426.6284000000003,0.11696428571428572,2,Regular
Bruce Stewart,19234,496.95910000000015,0.13626506024096385,2,Regular
Bryan Davis,13571,1528.27026,0.1376875,2,Regular
Bryan Mills,20689,2512.6168,0.13988095238095238,0,High Value
Bryan Spruell,17253,2783.2074000000002,0.05449275362318841,2,Regular
Candace McMahon,14798,-2798.7906,0.21130434782608698,1,Margin Killers
Cari MacIntyre,21608,2484.686,0.1664935064935065,0,High Value
Cari Sayre,22067,2915.3282,0.22705882352941176,1,Margin Killers
Cari Schnelling,12179,1319.8943199999999,0.12423333333333335,2,Regular
Carl Jackson,13972,1957.42696,0.13699999999999998,2,Regular
Carl Ludwig,18180,-164.26294000000013,0.13903333333333334,1,Margin Killers
Carl Weiss,14357,3007.3994,0.07821818181818183,2,Regular
Carlos Daly,20117,5028.9094,0.1002857142857143,0,High Value
Carlos Meador,10148,2206.362,0.12952380952380954,2,Regular
Carlos Soltero,14936,-1000.07596,0.2531176470588235,1,Margin Killers
Carol Adams,23993,3279.0813,0.16421052631578947,0,High Value
Carol Darley,13232,1880.35726,0.16929411764705882,1,Margin Killers
Carol Triggs,14139,2437.80334,0.10292307692307692,2,Regular
Caroline Jumper,19582,2417.592,0.15189655172413793,0,High Value
Cassandra Brandow,13529,208.82850000000005,0.10966101694915255,2,Regular
Catherine Glotzbach,4116,-246.83939999999998,0.2991428571428571,1,Margin Killers
Cathy Armstrong,12293,1869.7699,0.11164285714285715,2,Regular
Cathy Hwang,15667,2671.50966,0.06845714285714286,2,Regular
Cathy Prescott,19770,1750.5737,0.12323076923076923,2,Regular
Chad Cunningham,12522,2622.6274399999998,0.12572413793103449,2,Regular
Chad McGuire,16566,2442.3472,0.09330232558139535,2,Regular
Chad Sievert,12348,-4.067100000000101,0.15854166666666666,1,Margin Killers
Charles Crestani,13350,1307.7991,0.1401694915254237,2,Regular
Charles McCrossin,20156,746.68682,0.17167272727272728,1,Margin Killers
Charles Sheldon,20050,4328.5768,0.1067741935483871,0,High Value
Charlotte Melton,12827,117.79151999999998,0.1308,2,Regular
Chloris Kastensmidt,14572,965.81294,0.22241666666666668,1,Margin Killers
Chris Cortes,11483,2505.8885999999998,0.09255172413793103,2,Regular
Chris McAfee,11621,1887.6977,0.12218181818181818,2,Regular
Chris Selesnick,14418,2602.5059,0.07851851851851853,2,Regular
Christina Anderson,21835,3662.118,0.0743768115942029,0,High Value
Christina DeMoss,17986,2591.7817800000003,0.11807317073170732,2,Regular
Christina VanderZanden,10327,605.33728,0.16473333333333334,1,Margin Killers
Christine Abelman,7803,867.15866,0.09353488372093023,2,Regular
Christine Kargatis,13055,1380.71322,0.13689552238805971,2,Regular
Christine Phan,25157,1748.2813800000001,0.09760975609756097,0,High Value
Christine Sundaresam,10546,-1.151800000000037,0.1437878787878788,1,Margin Killers
Christopher Conant,35187,5603.3337,0.12904109589041096,0,High Value
Christopher Martinez,22460,3010.03432,0.18614285714285714,0,High Value
Christopher Schild,12516,2080.04256,0.07550943396226414,2,Regular
Christy Brittain,13938,2087.0836600000002,0.18171428571428572,1,Margin Killers
Chuck Clark,15040,2940.51086,0.1057,2,Regular
Chuck Magee,13715,1476.65568,0.13544827586206895,2,Regular
Chuck Sachs,22759,2943.10958,0.10174285714285713,0,High Value
Cindy Chapman,20866,4034.85446,0.12516216216216217,0,High Value
Cindy Schnelling,12775,188.87189999999993,0.19274193548387097,1,Margin Killers
Cindy Stewart,13432,-6151.558099999999,0.09952380952380951,1,Margin Killers
Claire Gute,14662,2566.57842,0.1590769230769231,2,Regular
Claudia Bergmann,18261,2167.21744,0.12086111111111111,2,Regular
Clay Cheatham,9345,1524.5489400000001,0.1367,2,Regular
Clay Ludtke,19784,1323.4289800000001,0.11141772151898734,2,Regular
Clay Rozendal,11759,1945.9958,0.16926829268292684,1,Margin Killers
Clytie Kelty,17141,2373.63598,0.12825316455696203,2,Regular
Corey Catlett,17604,3003.011,0.11475409836065574,2,Regular
Corey Roper,22354,2345.12208,0.1623896103896104,0,High Value
Corey-Lock,13049,1196.03996,0.15091176470588236,2,Regular
Corinna Mitchell,15580,-955.0624199999999,0.2576296296296296,1,Margin Killers
Craig Carreira,11497,-280.98170000000005,0.18256716417910446,1,Margin Killers
Craig Carroll,16815,2249.8603000000003,0.2049090909090909,1,Margin Killers
Craig Leslie,19378,2670.3287,0.10855072463768116,0,High Value
Craig Molinari,11230,1210.3413,0.17907407407407408,1,Margin Killers
Craig Reiter,20848,1435.4373600000001,0.27384415584415583,1,Margin Killers
Craig Yedwab,14220,1542.243,0.10203333333333334,2,Regular
Cyma Kinney,10596,525.3842999999999,0.09031884057971015,2,Regular
Cynthia Arntzen,19834,3891.2644999999998,0.16721311475409834,0,High Value
Cynthia Delaney,14500,2154.3026999999997,0.10514705882352941,2,Regular
Cynthia Voltz,14857,1910.1065,0.145,2,Regular
Cyra Reiten,15657,3312.72046,0.0892962962962963,2,Regular
Damala Kotsonis,20961,2917.8505,0.195,0,High Value
Dan Campbell,13439,-70.48979999999997,0.13701298701298703,1,Margin Killers
Dan Lawera,12690,426.03500000000014,0.2015,1,Margin Killers
Dan Reichenbach,16705,1984.3986000000002,0.1478809523809524,2,Regular
Dana Kaydos,19638,1363.56276,0.11537142857142858,2,Regular
Daniel Byrd,15392,1656.9395000000002,0.13876923076923076,2,Regular
Daniel Lacy,12201,1108.44,0.2579444444444444,1,Margin Killers
Daniel Raglin,27932,6103.97292,0.15995294117647058,0,High Value
Dario Medina,22297,2306.92722,0.15518421052631579,0,High Value
Darren Budd,9681,586.9649,0.10709677419354839,2,Regular
Darren Koutras,14903,1287.9167,0.122375,2,Regular
Darren Powers,15980,-517.4512,0.21524390243902436,1,Margin Killers
Darrin Martin,17733,1991.7519,0.13454545454545455,2,Regular
Darrin Sayre,13283,1487.6673999999998,0.18382352941176472,1,Margin Killers
Darrin Van Huff,22749,616.32492,0.2490851063829787,1,Margin Killers
Dave Brooks,25550,3652.3608600000002,0.1679142857142857,0,High Value
Dave Hallsten,16191,1681.8685,0.09361445783132531,2,Regular
Dave Kipp,19456,4080.5637,0.1144375,0,High Value
Dave Poirier,25901,4600.1323,0.15329032258064515,0,High Value
David Bremer,6275,-2270.6965800000003,0.20741176470588235,1,Margin Killers
David Flashing,11540,363.0722000000001,0.21653846153846154,1,Margin Killers
David Kendrick,17559,2179.1376999999998,0.12637931034482758,2,Regular
David Philippe,23730,834.5305200000001,0.18738235294117644,1,Margin Killers
David Smith,13634,1713.4145,0.10333333333333333,2,Regular
David Wiener,10930,1739.0983,0.13285714285714284,2,Regular
Dean Braden,14132,1425.8078,0.20342465753424657,1,Margin Killers
Dean Katz,10652,1007.098,0.11732142857142858,2,Regular
Dean percer,22833,3959.16412,0.08520987654320988,0,High Value
Deanra Eno,12799,1735.4974,0.07636363636363637,2,Regular
Deborah Brumfield,12578,1640.2389,0.15862068965517243,2,Regular
Debra Catini,16972,865.3341,0.11114814814814815,2,Regular
Deirdre Greer,16715,2374.3181,0.1296875,2,Regular
Delfina Latchford,20252,2798.5357,0.11578947368421054,0,High Value
Denise Leinenbach,17936,2747.4922,0.096,2,Regular
Denise Monton,22051,-2597.8029,0.19627118644067798,1,Margin Killers
Dennis Bolton,10610,1922.71686,0.11561538461538462,2,Regular
Dennis Kane,20103,2965.5079,0.07631578947368423,0,High Value
Dennis Pardue,11661,2688.1890000000003,0.08052631578947368,2,Regular
Denny Blanton,16634,1958.55586,0.1163921568627451,2,Regular
Denny Joy,22561,3255.39614,0.12638095238095237,0,High Value
Denny Ordway,18797,4137.6354,0.11578313253012047,0,High Value
Dianna Arnett,15248,-297.8313399999999,0.17106666666666664,1,Margin Killers
Dianna Vittorini,16951,3342.72258,0.05323809523809524,2,Regular
Dianna Wilson,23456,5029.0892,0.09577272727272729,0,High Value
Dionis Lloyd,16648,1560.868,0.1464285714285714,2,Regular
Don Jones,21395,4310.462,0.07330769230769231,0,High Value
Don Miller,11836,-273.4155199999999,0.14426923076923076,1,Margin Killers
Don Weiss,14384,425.7092,0.21451612903225808,1,Margin Killers
Dorothy Badders,10384,1242.2766,0.1606530612244898,1,Margin Killers
Dorothy Dickinson,11071,1399.6512,0.11518181818181819,2,Regular
Dorothy Wardle,12606,870.557,0.13702702702702704,2,Regular
Dorris liebe,14720,1851.7062,0.19379310344827586,1,Margin Killers
Doug Bickford,12855,2967.6800000000003,0.11555172413793104,2,Regular
Doug Jacobs,13852,2675.7544000000003,0.1288888888888889,2,Regular
Doug O'Connell,13772,1816.73452,0.16241176470588237,1,Margin Killers
Duane Benoit,13604,1417.79834,0.18033333333333332,1,Margin Killers
Duane Huffman,12477,2151.1435,0.12962962962962962,2,Regular
Duane Noonan,14915,233.54249999999996,0.16233333333333333,1,Margin Killers
Ed Braxton,15525,1488.6075999999998,0.13384615384615384,2,Regular
Ed Jacobs,10699,1209.9476,0.14933333333333332,2,Regular
Ed Ludwig,14209,1155.5394000000001,0.09859154929577464,2,Regular
Edward Becker,9428,1487.154,0.14795918367346939,2,Regular
Edward Hooks,21272,671.1933999999999,0.18095238095238095,1,Margin Killers
Edward Nazzal,7072,237.69949999999997,0.20304347826086958,1,Margin Killers
Eileen Kiefer,7124,765.4778000000001,0.1413888888888889,2,Regular
Eleni McCrary,14584,1897.36954,0.12596296296296294,2,Regular
Elizabeth Moffitt,14508,1988.0723600000001,0.14021875,2,Regular
Ellis Ballard,21986,5848.74774,0.09112280701754386,0,High Value
Elpida Rittenbach,17131,2585.7182000000003,0.11320754716981132,2,Regular
Emily Burns,7037,20.558200000000028,0.24828571428571428,1,Margin Killers
Emily Ducich,18549,2572.4465,0.16065789473684208,2,Regular
Emily Grady,23114,2604.2372800000003,0.14644444444444443,0,High Value
Emily Phan,16770,2103.96474,0.1561388888888889,2,Regular
Eric Barreto,11967,2091.7421,0.1175,2,Regular
Eric Hoffmann,10351,2250.05482,0.12425352112676055,2,Regular
Eric Murdock,28085,3306.01548,0.15344,0,High Value
Erica Bern,16119,3030.7344,0.15249350649350651,2,Regular
Erica Hackney,9481,1556.9195,0.13470588235294118,2,Regular
Erica Hernandez,13008,794.6513,0.11789473684210526,2,Regular
Erica Smith,14719,3127.37644,0.13838805970149254,2,Regular
Erin Ashbrook,11521,868.06012,0.19544444444444445,1,Margin Killers
Erin Creighton,6731,831.7727,0.1886206896551724,1,Margin Killers
Erin Mull,15321,3939.46018,0.10341935483870968,2,Regular
Erin Smith,18160,2175.2919,0.14354054054054055,2,Regular
Eudokia Martin,13723,1764.7839,0.12901639344262295,2,Regular
Eugene Barchas,16085,2893.6639,0.2159375,1,Margin Killers
Eugene Hildebrand,22424,1660.3308200000001,0.17513953488372092,1,Margin Killers
Eugene Moren,23411,3624.25176,0.16463829787234044,0,High Value
Eva Jacobs,14957,2794.5691,0.11248979591836736,2,Regular
Evan Bailliet,8006,565.6232,0.13127659574468084,2,Regular
Evan Henry,16377,2281.5105200000003,0.14511475409836067,2,Regular
Evan Minnotte,19672,3647.45576,0.09412121212121212,0,High Value
Filia McAdams,17287,1394.0246,0.13886956521739133,2,Regular
Frank Atkinson,14350,1496.1937,0.2285483870967742,1,Margin Killers
Frank Carlisle,12410,2780.7909999999997,0.09549019607843137,2,Regular
Frank Gastineau,9704,1034.1122,0.14886363636363636,2,Regular
Frank Hawley,13686,3547.5756,0.09937499999999999,2,Regular
Frank Merwin,16388,2601.29072,0.15496103896103897,2,Regular
Frank Olsen,17775,3023.7504,0.13341176470588234,2,Regular
Frank Preis,10760,937.1935000000001,0.19490909090909092,1,Margin Killers
Fred Chung,9323,1496.69624,0.11258823529411764,2,Regular
Fred Harton,10766,2888.03482,0.08623809523809524,2,Regular
Fred Hopkins,30404,4609.29112,0.1413658536585366,0,High Value
Fred McMath,7441,1015.5115,0.23021739130434782,1,Margin Killers
Fred Wasserman,18194,1683.7903999999999,0.15597222222222223,2,Regular
Gary Hansen,15269,613.8054799999999,0.14213157894736841,2,Regular
Gary Hwang,24629,3908.1151000000004,0.13823529411764707,0,High Value
Gary McGarr,16518,1665.0138799999997,0.13455172413793104,2,Regular
Gary Mitchum,11011,2872.1064,0.14534883720930233,2,Regular
Gary Zandusky,24700,3742.4389,0.11794871794871795,0,High Value
Gene Hale,15488,2295.9524,0.10279999999999999,2,Regular
Gene McClure,11003,1553.25212,0.09885106382978723,2,Regular
George Ashbrook,13806,792.3443199999999,0.14486206896551726,2,Regular
George Bell,12183,656.2901,0.1464285714285714,1,Margin Killers
George Zrebassa,15294,4105.5978000000005,0.12142307692307693,2,Regular
Georgia Rosenberg,13850,496.27974,0.18583870967741936,1,Margin Killers
Giulietta Baptist,12570,1633.26568,0.12184848484848484,2,Regular
Giulietta Dortch,18705,1888.1499,0.17164285714285715,1,Margin Killers
Giulietta Weimer,18071,1199.0592,0.14912280701754385,2,Regular
Grace Kelly,19982,3495.2934,0.17307692307692307,0,High Value
Grant Thornton,20226,-3577.92306,0.18508333333333335,1,Margin Killers
Greg Guthrie,13901,1523.52326,0.09669333333333333,2,Regular
Greg Hansen,13997,1584.66962,0.2102153846153846,1,Margin Killers
Greg Matthias,13600,-1337.92006,0.20502702702702705,1,Margin Killers
Greg Maxwell,15355,-11.358500000000213,0.13671875,1,Margin Killers
Greg Tran,35552,5214.13118,0.14144827586206898,0,High Value
Guy Armstrong,10285,771.9774,0.17875,1,Margin Killers
Guy Phonely,15403,1250.1096,0.15,2,Regular
Guy Thornton,9061,784.1793200000001,0.106,2,Regular
Hallie Redmond,15680,1705.2724,0.1098360655737705,2,Regular
Harold Dahlen,20070,2631.1922,0.19098765432098766,1,Margin Killers
Harold Engle,10993,1710.43802,0.12273239436619719,2,Regular
Harold Pawlan,8517,880.2212,0.1522222222222222,1,Margin Killers
Harold Ryan,10034,1456.03576,0.15163636363636365,2,Regular
Harry Greene,24217,-291.4922799999999,0.11912871287128712,2,Regular
Harry Marie,28477,6958.2864,0.1591764705882353,0,High Value
Heather Jas,15435,2618.261,0.07691176470588236,2,Regular
Heather Kirkland,15541,2494.9302000000002,0.12233333333333334,2,Regular
Helen Abelman,16930,-761.6941599999999,0.22893548387096774,1,Margin Killers
Helen Andreada,10414,1561.1586,0.13412698412698415,2,Regular
Helen Wasserman,18372,2555.1131,0.09272727272727273,2,Regular
Henia Zydlo,12487,741.4829,0.1942456140350877,1,Margin Killers
Henry Goldwyn,17168,-1597.5109,0.1476338028169014,1,Margin Killers
Henry MacAllister,17128,2673.3391,0.105625,2,Regular
Herbert Flentye,11813,-653.1279,0.1716883116883117,1,Margin Killers
Hilary Holden,15229,2432.32402,0.058807017543859655,2,Regular
Hunter Glantz,16214,1532.9159,0.1306268656716418,2,Regular
Hunter Lopez,30246,7816.567779999999,0.11777358490566038,0,High Value
Ionia McGrath,9480,2447.97986,0.10517948717948719,2,Regular
Irene Maddox,19919,-680.30418,0.15651219512195122,1,Margin Killers
Ivan Gibson,16151,1911.16818,0.11366233766233767,2,Regular
Ivan Liston,12853,1181.07276,0.16565625,1,Margin Killers
Jack Garza,15708,-922.2610199999999,0.18067741935483872,1,Margin Killers
Jack Lebron,18673,1040.1775400000001,0.158,1,Margin Killers
Jack O'Briant,13348,3045.2555,0.08333333333333333,2,Regular
James Galang,21554,4549.1004,0.13915662650602412,0,High Value
James Lanier,14847,1701.17116,0.13045283018867923,2,Regular
Jamie Frazer,20576,1722.6054,0.15472972972972973,2,Regular
Jamie Kunitz,12533,2763.7822,0.10280000000000002,2,Regular
Jane Waco,30288,6265.8457,0.11493333333333335,0,High Value
Janet Lee,20479,4730.68904,0.0771304347826087,0,High Value
Janet Martin,18017,1664.65432,0.16077611940298508,1,Margin Killers
Janet Molinari,16168,2780.094,0.10376623376623377,2,Regular
Jas O'Carroll,8819,1905.7893000000001,0.06754545454545455,2,Regular
Jason Fortune-,22817,2692.5273,0.13827397260273971,0,High Value
Jason Gross,13570,2254.6355,0.10690909090909091,2,Regular
Jason Klamczynski,17200,2022.38702,0.10619354838709678,2,Regular
Jasper Cacioppo,18443,337.791,0.2126027397260274,1,Margin Killers
Jay Fein,10818,-1874.6750000000002,0.24375,1,Margin Killers
Jay Kimmel,13401,1550.04784,0.12032835820895524,2,Regular
Jenna Caffey,16161,1304.56232,0.14674666666666666,2,Regular
Jennifer Braxton,15258,2451.8621,0.1548219178082192,2,Regular
Jennifer Ferguson,22947,2666.84548,0.08821212121212121,0,High Value
Jennifer Halladay,12692,1590.6942000000001,0.12794871794871795,2,Regular
Jennifer Jackson,12191,1022.6992,0.1626829268292683,1,Margin Killers
Jennifer Patt,14212,2079.42932,0.12082051282051282,2,Regular
Jeremy Ellison,6818,1318.1717,0.17209302325581396,1,Margin Killers
Jeremy Farry,10722,1200.10256,0.08845614035087719,2,Regular
Jeremy Lonsdale,11362,1186.2773,0.07395833333333333,2,Regular
Jeremy Pistek,18659,3170.16016,0.11435135135135135,0,High Value
Jessica Myrick,7789,1358.9265,0.15490196078431373,2,Regular
Jesus Ocampo,8209,582.7569,0.1471698113207547,1,Margin Killers
Jill Fjeld,23621,4877.68546,0.12823076923076923,0,High Value
Jill Matthias,14181,1716.7324,0.1046551724137931,2,Regular
Jill Stevenson,10142,-161.19349999999997,0.2730612244897959,1,Margin Killers
Jim Epp,13952,1371.9133000000002,0.24203125,1,Margin Killers
Jim Karlsson,17121,3976.3415999999997,0.09927536231884057,0,High Value
Jim Kriz,13071,2754.2758,0.1207906976744186,2,Regular
Jim Mitchum,19899,1798.53406,0.12683333333333333,2,Regular
Jim Radford,15925,-760.4169000000002,0.085625,2,Regular
Jim Sink,16281,2350.4863,0.11739130434782608,2,Regular
Jocasta Rupert,11242,932.5277600000001,0.16533333333333333,1,Margin Killers
Joe Elijah,22452,3620.8885,0.1875609756097561,0,High Value
Joe Kamberova,26689,4373.5003,0.12846153846153846,0,High Value
Joel Eaton,21905,1528.78066,0.13751724137931035,0,High Value
Joel Jenkins,19993,1848.98628,0.13074698795180723,2,Regular
John Castell,12298,1858.38624,0.13286792452830187,2,Regular
John Dryer,11591,-1198.71274,0.22529166666666667,1,Margin Killers
John Grady,22219,3280.7801,0.1196842105263158,0,High Value
John Huston,25947,5395.8237,0.11349397590361446,0,High Value
John Lee,25979,2393.002,0.1173611111111111,0,High Value
John Lucas,10503,354.24659999999994,0.214,1,Margin Killers
John Murray,22386,2318.1149,0.12405063291139241,0,High Value
John Stevenson,12189,491.3969000000001,0.16333333333333333,1,Margin Killers
Jonathan Doherty,19481,1726.7910200000001,0.09630232558139534,2,Regular
Jonathan Howell,16544,705.0602,0.1002469135802469,2,Regular
Joni Blumstein,13339,1130.50616,0.1425762711864407,2,Regular
Joni Sundaresam,6809,11.973400000000069,0.25754716981132075,1,Margin Killers
Joni Wasserman,10949,657.1068,0.18950000000000003,1,Margin Killers
Joseph Airdo,18169,842.3299999999999,0.17421052631578948,1,Margin Killers
Joseph Holt,20939,386.67820000000006,0.12896470588235293,2,Regular
Joy Bell-,24011,2867.92322,0.13585714285714284,0,High Value
Joy Daniels,11346,-604.4102,0.2237313432835821,1,Margin Killers
Joy Smith,20793,-103.00052000000001,0.22174285714285716,1,Margin Killers
Julia Barnett,17087,249.04518000000016,0.17782456140350875,1,Margin Killers
Julia Dunbar,11228,564.90306,0.14795833333333333,1,Margin Killers
Julia West,20598,2950.0157,0.1137704918032787,0,High Value
Juliana Krohn,23136,1798.2473400000001,0.1567710843373494,0,High Value
Julie Creighton,14996,-1889.1059200000002,0.18431746031746032,1,Margin Killers
Julie Kriz,15648,1894.19924,0.11664615384615386,2,Regular
Julie Prescott,14594,3479.0402,0.05671052631578948,2,Regular
Justin Deggeller,23618,2625.31888,0.05932394366197183,0,High Value
Justin Ellison,12910,2928.30396,0.134,2,Regular
Justin Hirsh,23918,3994.6644,0.10938271604938271,0,High Value
Justin MacKendrick,9027,1519.795,0.10456603773584905,2,Regular
Justin Ritter,13625,2884.286,0.11929824561403508,2,Regular
Kalyca Meade,8643,369.5323,0.12255813953488372,2,Regular
Karen Bern,11846,2319.0706,0.09818181818181819,2,Regular
Karen Carlisle,10416,1979.5,0.23126984126984126,1,Margin Killers
Karen Daniels,24018,2890.6947000000005,0.133125,0,High Value
Karen Ferguson,18267,2385.1931,0.12048387096774194,2,Regular
Karen Seio,5325,1113.68218,0.07730232558139534,2,Regular
Karl Braun,17494,1785.86258,0.18098924731182797,1,Margin Killers
Katharine Harms,18414,3611.0256,0.11381081081081082,0,High Value
Katherine Ducich,11696,2428.8306000000002,0.04666666666666667,2,Regular
Katherine Hughes,12210,1842.3875,0.10826666666666668,2,Regular
Katherine Murray,18522,1451.08384,0.14755555555555555,2,Regular
Katherine Nockton,19669,4145.19254,0.14223728813559322,0,High Value
Katrina Bavinger,14027,618.2365,0.24529411764705883,1,Margin Killers
Katrina Edelman,13553,1286.54742,0.19662686567164178,1,Margin Killers
Katrina Willman,15747,3107.0106,0.1596551724137931,2,Regular
Kean Nguyen,18064,2257.2164,0.17712121212121212,1,Margin Killers
Kean Takahito,17257,987.5934,0.19890243902439023,1,Margin Killers
Kean Thornton,8362,-617.9192,0.2091111111111111,1,Margin Killers
Keith Dawkins,26451,5486.1725,0.08602564102564103,0,High Value
Keith Herrera,16890,2196.8332,0.07088607594936709,2,Regular
Kelly Andreada,18876,1401.39752,0.09095348837209302,2,Regular
Kelly Collister,19401,2358.10316,0.14934545454545456,2,Regular
Kelly Lampkin,14248,738.7484,0.21651162790697676,1,Margin Killers
Kelly Williams,11833,2371.1463,0.1396056338028169,2,Regular
Ken Black,16602,1351.0226,0.1340909090909091,2,Regular
Ken Brennan,11465,1046.2450999999999,0.13428571428571429,2,Regular
Ken Dana,12553,1750.72552,0.18221428571428572,1,Margin Killers
Ken Heidel,9021,1505.97316,0.16950877192982458,1,Margin Killers
Ken Lonsdale,24127,154.90049999999988,0.20353658536585367,1,Margin Killers
Khloe Miller,10973,847.8977,0.16704918032786883,1,Margin Killers
Kimberly Carter,13923,2144.96274,0.09192452830188678,2,Regular
Kristen Hastings,19856,2370.5742,0.15022727272727274,0,High Value
Kristina Nunn,10715,1698.5085000000001,0.13260869565217392,2,Regular
Kunst Miller,16968,2759.1905,0.1391304347826087,2,Regular
Larry Blacks,14583,1664.49192,0.1391111111111111,2,Regular
Larry Hughes,8693,641.2019000000001,0.21603999999999998,1,Margin Killers
Larry Tron,18619,4213.65294,0.057178571428571426,0,High Value
Laura Armstrong,27864,3962.3098,0.09604651162790698,0,High Value
Laurel Beltran,26387,4303.23822,0.18765909090909091,0,High Value
Laurel Elliston,11477,2025.0286,0.1178688524590164,2,Regular
Laurel Workman,10873,1148.80494,0.09765079365079365,2,Regular
Lauren Leatherbury,14939,894.9398600000001,0.08293939393939394,2,Regular
Lela Donovan,16181,1486.73868,0.17090140845070423,1,Margin Killers
Lena Cacioppo,11078,1176.76826,0.17124242424242422,1,Margin Killers
Lena Creighton,18889,1172.5113000000003,0.1552173913043478,1,Margin Killers
Lena Hernandez,12941,997.38998,0.1708,1,Margin Killers
Lena Radford,22903,3371.71596,0.17464615384615384,0,High Value
Linda Cazamias,16738,2273.42396,0.11644776119402984,2,Regular
Linda Southworth,13145,-67.85193999999993,0.24387301587301585,1,Margin Killers
Lindsay Castell,14301,1420.7137,0.228,1,Margin Killers
Lindsay Shagiari,9366,1778.0724,0.16898305084745763,1,Margin Killers
Lindsay Williams,10982,1486.9264,0.16120689655172413,1,Margin Killers
Lisa DeCherney,11824,1165.43804,0.17072413793103447,1,Margin Killers
Lisa Hazard,9164,1338.0789000000002,0.15120930232558139,2,Regular
Lisa Ryan,18799,2449.1383,0.10992307692307692,2,Regular
Liz Carlisle,20127,2847.60982,0.14300000000000002,0,High Value
Liz MacKendrick,15531,1868.1509999999998,0.07200000000000001,2,Regular
Liz Pelletier,9465,-265.57719999999995,0.15833333333333335,1,Margin Killers
Liz Preis,16611,2122.698,0.127943661971831,2,Regular
Liz Thompson,21217,3146.42816,0.14070270270270271,0,High Value
Liz Willingham,8045,1400.0412000000001,0.12560975609756098,2,Regular
Logan Currie,16082,1925.2869600000001,0.12822535211267608,2,Regular
Logan Haushalter,17288,1519.531,0.17333333333333334,1,Margin Killers
Lori Olson,13541,1788.7198,0.2106086956521739,1,Margin Killers
Luke Foster,13422,-3644.3475,0.23442622950819672,1,Margin Killers
Luke Schmidt,15599,1653.96822,0.164,1,Margin Killers
Luke Weiss,12051,849.3825400000001,0.13626415094339622,2,Regular
Lycoris Saunders,11739,1377.4046799999999,0.2000506329113924,1,Margin Killers
Lynn Smith,11713,1498.1314,0.10740740740740741,2,Regular
Magdelene Morse,21226,4380.72512,0.07427272727272727,0,High Value
Marc Crier,15988,2113.4819,0.12730434782608696,2,Regular
Marc Harrigan,15401,2316.01286,0.0739375,2,Regular
Maria Bertelson,21607,4622.34732,0.1257,0,High Value
Maria Etezadi,26252,3418.5585,0.13095238095238096,0,High Value
Maria Zettner,17960,2254.5034,0.11396226415094339,2,Regular
Maribeth Dona,17829,1230.6333200000001,0.16622857142857142,1,Margin Killers
Maribeth Schnelling,21681,3529.3421999999996,0.10911392405063293,0,High Value
Maribeth Yedwab,16472,3559.5073,0.2127142857142857,1,Margin Killers
Marina Lichtenstein,15555,1284.23268,0.08985964912280701,2,Regular
Maris LaWare,15175,1154.1427999999999,0.175,1,Margin Killers
Mark Cousins,16548,2851.25848,0.19767567567567568,1,Margin Killers
Mark Haberlin,11304,1552.0084,0.06945205479452055,2,Regular
Mark Hamilton,14724,527.0470200000001,0.142375,2,Regular
Mark Packer,12987,2172.9781,0.13315384615384615,2,Regular
Mark Van Huff,11518,1810.6390999999999,0.14280701754385966,2,Regular
Mary O'Rourke,11126,519.0089,0.18164912280701753,1,Margin Killers
Mary Zewe,16577,1883.04214,0.17236363636363636,1,Margin Killers
MaryBeth Skach,14790,1987.37916,0.19434920634920635,1,Margin Killers
Mathew Reese,21575,3711.2306,0.04592105263157895,0,High Value
Matt Abelman,12447,519.90348,0.19234146341463415,1,Margin Killers
Matt Collins,17897,1749.34736,0.16794666666666666,1,Margin Killers
Matt Collister,11674,1907.18878,0.08916363636363636,2,Regular
Matt Connell,13230,1366.9685,0.1196896551724138,2,Regular
Matt Hagelstein,12217,274.89098,0.18126666666666666,1,Margin Killers
Matthew Clasen,21805,3643.2892,0.0685,0,High Value
Matthew Grinstein,13017,2205.32168,0.06768627450980393,2,Regular
Maureen Fritzler,13529,1420.88584,0.1362857142857143,2,Regular
Maureen Gastineau,20363,741.1927000000001,0.25144578313253013,1,Margin Killers
Maureen Gnade,18326,845.6976000000001,0.19418918918918918,1,Margin Killers
Maurice Satty,10031,1152.74306,0.1238032786885246,2,Regular
Max Engle,9924,673.2612,0.13319444444444445,2,Regular
Max Jones,16486,2437.6299,0.2217666666666667,1,Margin Killers
Max Ludwig,15534,1837.7616,0.11285714285714286,2,Regular
Maxwell Schwartz,17928,2851.78544,0.1244109589041096,2,Regular
Maya Herman,13592,1470.52944,0.08087096774193549,2,Regular
Meg O'Connel,18003,3104.0855,0.10379310344827586,2,Regular
Meg Tillman,15346,793.4146000000001,0.15135593220338983,1,Margin Killers
Melanie Seite,16104,2060.2845,0.178,1,Margin Killers
Michael Chen,15939,1213.00542,0.13867692307692306,2,Regular
Michael Dominguez,22427,3772.40044,0.11884745762711865,0,High Value
Michael Grace,14532,-117.61077999999989,0.16249180327868853,1,Margin Killers
Michael Granlund,13185,-999.7799,0.23365079365079366,1,Margin Killers
Michael Kennedy,14447,-210.64000000000004,0.2304054054054054,1,Margin Killers
Michael Moore,21730,2058.909,0.11474358974358975,0,High Value
Michael Nguyen,15047,1392.17082,0.22858181818181816,1,Margin Killers
Michael Oakman,5464,286.2586,0.13448275862068965,2,Regular
Michael Paige,17796,1632.695,0.18648936170212768,1,Margin Killers
Michael Stewart,17869,1247.3462000000002,0.1677922077922078,1,Margin Killers
Michelle Arnett,11933,1102.67554,0.11952542372881356,2,Regular
Michelle Ellison,10708,655.2183200000001,0.10106122448979592,2,Regular
Michelle Huthwaite,12851,861.1837,0.131,2,Regular
Michelle Lonsdale,10367,1962.8392000000001,0.1174468085106383,2,Regular
Michelle Moray,13089,1262.7827,0.16666666666666666,1,Margin Killers
Michelle Tran,17779,-1788.0442,0.2101470588235294,1,Margin Killers
Mick Brown,16451,2595.96358,0.16346478873239437,2,Regular
Mick Crebagga,12014,336.1498,0.1417741935483871,1,Margin Killers
Mick Hernandez,13275,1488.1886,0.13516417910447762,2,Regular
Mike Caudle,9355,796.6315,0.09543859649122807,2,Regular
Mike Gockenbach,23378,6458.6762,0.19941176470588234,0,High Value
Mike Kennedy,12741,758.5966,0.1671951219512195,1,Margin Killers
Mike Pelletier,24216,532.5997000000001,0.15036585365853658,1,Margin Killers
Mike Vittorini,19572,1360.0398,0.1298709677419355,2,Regular
Mitch Gastineau,18010,1822.4352999999999,0.11988235294117645,2,Regular
Mitch Webber,23070,4086.5403,0.16783783783783784,0,High Value
Mitch Willingham,19008,145.51290000000014,0.17227272727272727,1,Margin Killers
Monica Federle,21944,2573.3404,0.10072093023255815,0,High Value
Muhammed Lee,15851,2314.36396,0.08442253521126761,2,Regular
Muhammed MacIntyre,10720,2166.4666,0.1009090909090909,2,Regular
Muhammed Yedwab,29644,2642.6540800000002,0.15483333333333335,0,High Value
Nancy Lomonaco,10840,-566.9291000000001,0.1686046511627907,1,Margin Killers
Naresj Patel,13118,1804.326,0.11692307692307692,2,Regular
Nat Carroll,16613,-460.87737999999996,0.0915,2,Regular
Nat Gilpin,12015,2806.44286,0.07354545454545455,2,Regular
Natalie DeCherney,13709,2620.28132,0.11038095238095239,2,Regular
Natalie Fritzler,31778,1542.8211000000001,0.1794736842105263,0,High Value
Natalie Webber,22374,3821.53806,0.18612658227848103,0,High Value
Nathan Cano,10759,-724.9872,0.1920408163265306,1,Margin Killers
Nathan Gelder,22721,4211.22484,0.0872923076923077,0,High Value
Nathan Mautz,24278,5789.1168,0.062000000000000006,0,High Value
Neil Ducich,14780,3168.85352,0.10091228070175438,2,Regular
Neil FranzÃ¶sisch,12649,2920.0567,0.13712903225806453,2,Regular
Neil Knudson,13875,3040.5326999999997,0.08733333333333335,2,Regular
Neola Schneider,15801,-687.4442600000001,0.22469333333333333,1,Margin Killers
Neoma Murray,13872,3142.6994999999997,0.14203703703703704,2,Regular
Nick Crebassa,12302,1335.378,0.193,1,Margin Killers
Nick Radford,12891,1669.96578,0.15620588235294117,2,Regular
Nick Zandusky,20271,2091.27572,0.097,2,Regular
Nicole Brennan,5935,-691.4278,0.27909677419354845,1,Margin Killers
Nicole Fjeld,12268,1371.54862,0.14306976744186048,2,Regular
Nicole Hansen,21304,4075.4649,0.12861111111111112,0,High Value
Noah Childs,17346,2262.91458,0.08901694915254237,2,Regular
Noel Staavos,16643,818.7196,0.19619565217391305,1,Margin Killers
Nona Balk,10082,1453.4044999999999,0.11607843137254902,2,Regular
Nora Paige,15714,3035.66246,0.052541666666666674,2,Regular
Nora Pelletier,16358,1559.0269,0.11854545454545454,2,Regular
Nora Preis,15921,375.5511999999999,0.2085483870967742,1,Margin Killers
Odella Nelson,19273,2783.30724,0.13502702702702704,0,High Value
Olvera Toch,19759,1831.00136,0.14334246575342466,2,Regular
Pamela Coakley,11940,-420.10256,0.16379166666666667,1,Margin Killers
Pamela Stobb,17635,1293.1114000000002,0.18212121212121213,1,Margin Killers
Parhena Norris,12893,2205.4628199999997,0.08920689655172415,2,Regular
Patricia Hirasaki,11182,2743.6261,0.11024390243902438,2,Regular
Patrick Bzostek,14858,1743.07944,0.15164516129032257,2,Regular
Patrick Gardner,16481,1975.1888999999999,0.12576923076923077,2,Regular
Patrick Jones,14442,4019.1325,0.2066666666666667,1,Margin Killers
Patrick O'Brill,26712,3778.3637,0.14137254901960783,0,High Value
Patrick O'Donnell,24025,4618.1191,0.12184615384615384,0,High Value
Patrick Ryan,14330,409.1254200000001,0.2073888888888889,1,Margin Killers
Paul Gonzalez,15922,1620.1805,0.10023913043478261,2,Regular
Paul Knutson,8232,-308.48944000000006,0.22697435897435897,1,Margin Killers
Paul Lucas,15015,2006.5049,0.1274468085106383,2,Regular
Paul MacIntyre,14346,1178.3952,0.1495,2,Regular
Paul Prost,22247,2687.733,0.12822784810126583,0,High Value
Paul Stevenson,19620,1834.19372,0.1051764705882353,2,Regular
Paul Van Hugh,18932,4055.5694,0.11,0,High Value
Pauline Chand,10633,833.3308999999999,0.129375,2,Regular
Pauline Johnson,15845,2102.4930600000002,0.24987692307692308,1,Margin Killers
Pauline Webber,13888,1944.80136,0.16857971014492754,1,Margin Killers
Penelope Sewall,30083,4338.8111,0.09890243902439023,0,High Value
Pete Armstrong,10395,1555.35456,0.2145,1,Margin Killers
Pete Kriz,18657,1664.5781,0.1776986301369863,1,Margin Killers
Pete Takahito,13054,609.7002,0.157921568627451,1,Margin Killers
Peter BÃ¼hler,9897,1936.1847,0.16808510638297874,1,Margin Killers
Peter Fuller,29876,1063.2913599999997,0.1373793103448276,0,High Value
Peter McVee,11288,1018.6375999999999,0.09695652173913043,2,Regular
Philip Brown,11386,1271.84916,0.1812105263157895,1,Margin Killers
Philip Fox,18031,1908.8786,0.11701492537313432,2,Regular
Philisse Overcash,17984,2175.7896,0.13293150684931507,2,Regular
Phillina Ober,19099,-1026.1020199999998,0.22857971014492753,1,Margin Killers
Phillip Breyer,24269,1403.958,0.2342142857142857,1,Margin Killers
Phillip Flathmann,13392,940.8555000000001,0.17338235294117646,1,Margin Killers
Pierre Wener,8422,1942.2988,0.13721311475409834,2,Regular
Quincy Jones,18585,2243.1929,0.17679245283018868,1,Margin Killers
Rachel Payne,14998,1902.7221,0.17432432432432432,1,Margin Killers
Ralph Arnett,23044,2613.0752,0.16363636363636364,0,High Value
Ralph Kennedy,13998,-1555.7894199999998,0.15559375,1,Margin Killers
Ralph Ritter,13584,2838.98338,0.09392592592592593,2,Regular
Randy Bradley,22898,4151.35242,0.08679518072289158,0,High Value
Randy Ferguson,16598,3093.9550000000004,0.09765079365079365,2,Regular
Raymond Buch,29601,8453.0495,0.0847887323943662,0,High Value
Raymond Messe,18317,1855.40302,0.09006451612903227,2,Regular
Resi PÃ¶lking,22053,1068.3838,0.15879120879120878,1,Margin Killers
Ricardo Emerson,14039,2643.68018,0.086,2,Regular
Ricardo Sperren,14432,1823.65088,0.12317647058823529,2,Regular
Richard Bierner,14797,-1125.65658,0.21540298507462688,1,Margin Killers
Richard Eichhorn,16340,2391.41164,0.11853731343283583,2,Regular
Rick Bensley,20854,4066.46,0.07597468354430381,0,High Value
Rick Duston,17546,3587.4449,0.04775757575757576,2,Regular
Rick Hansen,16356,1850.8903,0.15250000000000002,2,Regular
Rick Huthwaite,13438,1664.66446,0.17589655172413793,1,Margin Killers
Rick Reed,16382,-47.98279999999996,0.1943835616438356,1,Margin Killers
Rick Wilson,25125,5177.4288,0.14705882352941177,0,High Value
Ritsa Hightower,17695,2002.8037,0.16566666666666666,1,Margin Killers
Rob Beeghly,11549,1495.9239,0.19193548387096776,1,Margin Killers
Rob Dowd,21482,3919.9697,0.06644444444444444,0,High Value
Rob Haberlin,7970,1222.37166,0.1183404255319149,2,Regular
Rob Lucas,17289,2703.98888,0.15926153846153845,2,Regular
Rob Williams,9988,2252.2208,0.09104166666666667,2,Regular
Robert Barroso,6256,640.1234,0.1728888888888889,1,Margin Killers
Robert Dilbeck,16344,3965.8731,0.13589285714285715,0,High Value
Robert Marley,12868,2542.2423,0.0925531914893617,2,Regular
Robert Waldorf,12596,2137.0023,0.11984375,2,Regular
Roger Barcio,15304,2879.5411,0.15574074074074074,2,Regular
Roger Demir,14738,3037.0109,0.11675324675324676,2,Regular
Roland Fjeld,13090,1123.5285,0.08050847457627118,2,Regular
Roland Murray,7403,1250.33376,0.17464864864864865,1,Margin Killers
Roland Schwarz,15108,3472.16638,0.07253061224489797,2,Regular
Rose O'Brian,21912,868.8818999999999,0.1339240506329114,2,Regular
Ross Baird,19314,2350.5301400000003,0.11654545454545455,2,Regular
Ross DeVincentis,10302,1939.89446,0.16862857142857143,1,Margin Killers
Roy Collins,7956,737.7457,0.11355555555555556,2,Regular
Roy FranzÃ¶sisch,15652,2841.73178,0.11612820512820513,2,Regular
Roy Phan,14610,138.85420000000005,0.19430555555555556,1,Margin Killers
Roy Skaria,8121,1463.42858,0.12057142857142857,2,Regular
Ruben Ausman,15939,3320.46868,0.06605333333333333,2,Regular
Ruben Dartt,18320,3330.6742,0.07209302325581396,0,High Value
Russell Applegate,21398,2164.19772,0.15910526315789475,0,High Value
Russell D'Ascenzo,15819,1230.36572,0.14371830985915493,2,Regular
Ryan Akin,13742,896.7278,0.13745454545454547,2,Regular
Ryan Crowe,9539,2124.0154,0.09480000000000001,2,Regular
Sally Hughsby,18951,1795.36144,0.1534025974025974,2,Regular
Sally Knutson,13292,2975.51382,0.10216129032258064,2,Regular
Sally Matthias,13063,1528.3608,0.12222222222222222,2,Regular
Sam Craven,11056,1116.0096,0.13884057971014493,2,Regular
Sam Zeldin,16361,2915.8473,0.1695064935064935,2,Regular
Sample Company A,19129,18.425320000000013,0.1795111111111111,1,Margin Killers
Sandra Flanagan,11259,1865.6513,0.0784313725490196,2,Regular
Sandra Glassco,11853,2883.7084,0.07184,2,Regular
Sanjit Chand,26524,8205.3799,0.1498550724637681,0,High Value
Sanjit Engle,30143,6015.78392,0.06224390243902439,0,High Value
Sanjit Jacobs,13521,1828.0039,0.17468354430379748,1,Margin Killers
Saphhira Shifley,23632,-612.3282600000003,0.13745238095238094,1,Margin Killers
Sara Luxemburg,16827,1899.9305000000002,0.11280487804878049,2,Regular
Sarah Bern,14603,2366.9597999999996,0.16920000000000002,2,Regular
Sarah Brown,22300,1668.65412,0.14149295774647885,0,High Value
Sarah Foster,15659,829.7639999999999,0.1358904109589041,2,Regular
Sarah Jordon,16070,2511.86098,0.1661012658227848,2,Regular
Scot Coram,22129,3071.368,0.1125,0,High Value
Scot Wooten,15479,1948.35962,0.13967857142857143,2,Regular
Scott Cohen,12537,1222.6707999999999,0.22675675675675677,1,Margin Killers
Scott Williamson,17044,1044.1871999999998,0.19297058823529412,1,Margin Killers
Sean Braxton,20514,-1896.9793,0.2309433962264151,1,Margin Killers
Sean Christensen,20907,462.27869999999996,0.2330263157894737,1,Margin Killers
Sean Miller,35170,-409.70634000000007,0.19024000000000002,0,High Value
Sean O'Donnell,16366,2407.04362,0.08856666666666667,2,Regular
Sean Wendt,8168,1031.54774,0.22808695652173916,1,Margin Killers
Seth Vernon,23640,2222.7536800000003,0.15696470588235295,0,High Value
Shahid Collister,17678,1692.37974,0.1495764705882353,2,Regular
Shahid Hopkins,12979,1059.23294,0.17826470588235294,1,Margin Killers
Shahid Shariari,18107,131.5111800000001,0.1177910447761194,2,Regular
Sharelle Roach,13005,-2551.18846,0.226,1,Margin Killers
Shaun Chance,9610,357.01936,0.25432142857142853,1,Margin Killers
Shaun Weien,8247,1163.569,0.08119047619047619,2,Regular
Sheri Gordon,13818,2338.9888,0.09779661016949152,2,Regular
Shirley Daniels,17959,3647.2210999999998,0.1690588235294118,0,High Value
Shirley Jackson,13385,1581.8093,0.11923076923076924,2,Regular
Shirley Schmidt,7903,416.34612,0.12561111111111112,2,Regular
Shui Tom,15006,2234.10296,0.10024615384615385,2,Regular
Sibella Parks,7221,749.227,0.1627777777777778,1,Margin Killers
Skye Norling,14225,-2637.9805,0.2,1,Margin Killers
Sonia Cooley,10012,938.0015999999999,0.12175438596491227,2,Regular
Sonia Sunley,13118,2370.1265,0.12327868852459016,2,Regular
Speros Goranitis,12948,1541.10256,0.1941212121212121,1,Margin Killers
Stefania Perrino,19418,17.04149999999992,0.16717948717948716,1,Margin Killers
Stefanie Holloman,14205,1978.1796000000002,0.1409090909090909,2,Regular
Stephanie Phelps,11151,1682.80564,0.2207391304347826,1,Margin Killers
Stephanie Ulpright,10779,510.2519,0.19722222222222222,1,Margin Killers
Steve Carroll,19823,1708.7930800000001,0.10861971830985916,2,Regular
Steve Chapman,23401,2165.6836,0.2124864864864865,1,Margin Killers
Steve Nguyen,13404,2384.85126,0.12331147540983607,2,Regular
Steven Cartwright,16918,2066.03938,0.15345205479452054,2,Regular
Steven Roelle,19374,4387.3584,0.0784923076923077,0,High Value
Steven Ward,25669,2794.7316,0.09754716981132075,0,High Value
Stewart Carmichael,16529,318.0876800000001,0.1803855421686747,1,Margin Killers
Stewart Visinsky,17232,2182.7873,0.13653333333333334,2,Regular
Stuart Calhoun,11409,1276.3538,0.18404444444444445,1,Margin Killers
Stuart Van,22308,978.6733800000001,0.13296774193548386,2,Regular
Sue Ann Reed,16494,1354.7027600000001,0.15940625,1,Margin Killers
Sung Chung,11265,1696.6987199999999,0.19134782608695652,1,Margin Killers
Sung Pak,13496,1750.68106,0.2058076923076923,1,Margin Killers
Sung Shariari,5331,-559.9772,0.24590697674418605,1,Margin Killers
Susan Gilcrest,12686,541.3085599999999,0.18713793103448279,1,Margin Killers
Susan MacKendrick,8634,1528.2749000000001,0.07609756097560975,2,Regular
Susan Pistek,29020,6484.40726,0.13826470588235296,0,High Value
Susan Vittorini,15689,668.4789000000001,0.23495522388059703,1,Margin Killers
Suzanne McNair,12888,1170.85834,0.11209375,2,Regular
Sylvia Foulston,9257,1895.183,0.14404255319148934,2,Regular
Tamara Chand,37453,8672.8989,0.18468181818181817,0,High Value
Tamara Dahlen,7704,-948.1228,0.21655172413793106,1,Margin Killers
Tamara Manning,14461,1928.1339,0.09981818181818182,2,Regular
Tamara Willingham,14256,3275.0801,0.13288135593220338,2,Regular
Tanja Norvell,9595,-706.1821600000001,0.17649056603773586,1,Margin Killers
Ted Butterfield,16030,1559.26902,0.08952631578947369,2,Regular
Ted Trevino,17245,2320.3586,0.12515625,2,Regular
Thais Sissman,6787,1109.5608,0.09016666666666667,2,Regular
Thea Hendricks,15541,1952.4961,0.12898305084745762,2,Regular
Thea Hudgings,15353,2265.68778,0.09690625,2,Regular
Theone Pippenger,23965,2073.88638,0.16425,0,High Value
Theresa Coyne,22219,3359.81226,0.13742857142857143,0,High Value
Theresa Swint,7936,1134.0224,0.10873015873015872,2,Regular
Thomas Boland,17427,2286.4019,0.11478260869565217,2,Regular
Thomas Brumley,11805,2052.3113200000003,0.12663157894736843,2,Regular
Thomas Seio,14530,2349.54862,0.09370588235294118,2,Regular
Thomas Thornton,15055,1661.20726,0.17876190476190476,1,Margin Killers
Tiffany House,16804,1656.2869999999998,0.1828358208955224,1,Margin Killers
Tim Brockman,19103,3065.7062,0.17337078651685392,0,High Value
Tim Taslimi,9780,1284.8362,0.12272727272727273,2,Regular
Toby Braunhardt,11699,1247.46136,0.12740298507462686,2,Regular
Toby Carlisle,20126,1497.4768000000001,0.11686567164179104,2,Regular
Toby Gnade,13021,2986.457,0.11682539682539683,2,Regular
Toby Ritter,12427,2436.90546,0.05806153846153846,2,Regular
Toby Swindell,18632,2602.96458,0.14823684210526317,2,Regular
Todd Boyes,9647,772.014,0.20746268656716418,1,Margin Killers
Todd Sumrall,27775,5093.9654,0.10605333333333333,0,High Value
Tom Ashbrook,40489,6311.9791,0.090125,0,High Value
Tom Boeckenhauer,24480,4196.3499,0.15376344086021507,0,High Value
Tom Prescott,12874,346.1872200000001,0.18864,1,Margin Killers
Tom Stivers,15345,2364.9883,0.11681159420289856,2,Regular
Tom Zandusky,15348,367.4914000000001,0.14254794520547945,1,Margin Killers
Tonja Turnell,20085,2230.7893599999998,0.14554761904761904,0,High Value
Tony Chapman,12633,1401.12856,0.1675223880597015,1,Margin Killers
Tony Molinari,15973,1500.9713,0.11427499999999999,2,Regular
Tony Sayre,19734,2149.3462,0.21427272727272725,1,Margin Killers
Tracy Blumstein,20704,257.36161999999985,0.1951868131868132,1,Margin Killers
Tracy Collins,11099,382.99710000000005,0.17981818181818182,1,Margin Killers
Tracy Hopkins,13095,-733.7475000000003,0.16636363636363638,1,Margin Killers
Tracy Poddar,13289,1795.66,0.1264705882352941,2,Regular
Tracy Zic,10860,-80.11549999999995,0.22229166666666667,1,Margin Killers
Troy Blackwell,9187,1438.6508999999999,0.09130434782608696,2,Regular
Troy Staebel,22579,1719.5679,0.1374698795180723,0,High Value
Trudy Brown,15078,1500.6631,0.16492753623188405,1,Margin Killers
Trudy Glocke,18883,3096.2398,0.14362666666666668,0,High Value
Trudy Schmidt,9980,1025.6195,0.12517857142857142,2,Regular
Valerie Dominguez,15987,2031.9158,0.19985074626865673,1,Margin Killers
Valerie Mitchum,14567,-1645.79878,0.15179411764705883,1,Margin Killers
Valerie Takahito,19368,1090.7832,0.18569444444444444,1,Margin Killers
Vicky Freymann,12600,26.11299999999992,0.1326530612244898,2,Regular
Victor Preis,12063,2232.7958,0.1676206896551724,2,Regular
Victoria Brennan,10745,908.5638,0.17715555555555557,1,Margin Killers
Victoria Pisteka,18554,2390.8627,0.12266666666666667,2,Regular
Victoria Wilson,17039,294.38090000000005,0.18515151515151515,1,Margin Killers
Vivek Gonzalez,10296,-364.4246999999999,0.155,1,Margin Killers
Vivek Grady,23767,4046.90616,0.0861311475409836,0,High Value
Vivek Sundaresam,11413,1586.6187,0.16499999999999998,1,Margin Killers
Vivian Mathis,3891,656.9143,0.06583333333333334,2,Regular
William Brown,16886,2547.9023,0.14695238095238095,2,Regular
Xylona Preis,12202,1304.7226,0.08475409836065574,2,Regular
Yana Sorensen,20034,3450.4063,0.07096774193548387,0,High Value
Yoseph Carroll,20165,4347.1766,0.06999999999999999,0,High Value
Zuschuss Carroll,28485,436.93626,0.22131764705882354,1,Margin Killers
Zuschuss Donatelli,12434,201.73710000000005,0.11577777777777777,2,Regular
